Category,The Gap We Found,What Existed Before,What BWGA Built,Why It Matters
ACCESS TO EXPERTISE,"Regional players denied access to institutional-grade advisory","$25K-$200K per engagement; 4-6 week timelines; capital city firms only","Accessible subscription; minutes to hours; available globally","For the first time, a regional council has the same analytical firepower as a multinational corporation"
DATA REALITY,"Regional markets generate incomplete, messy data","Traditional systems require clean, structured inputs—they fail on regional data","NSIL designed to reason with uncertainty, incomplete data, and thin markets","We don't wait for perfect data. We work with what exists."
EXPERT PERSPECTIVES,"Single-advisor bias leads to blind spots","1-3 perspectives per engagement (advisor-dependent)","5 specialized AI personas debating every angle simultaneously","Contradictions are caught before recommendations are made"
HISTORICAL CONTEXT,"Decisions made without historical pattern recognition","Manual research; analyst memory; fragmented case studies","200+ years of economic pattern data encoded into reasoning engine","History doesn't repeat—but it rhymes. We help you hear the rhyme."
AFFORDABILITY,"Cost barrier excludes 90% of regional opportunities","Advisory reserved for deals large enough to justify $50K+ fees","Institutional-grade analysis at a fraction of traditional cost","Strong projects shouldn't fail because they couldn't afford advice"
SPEED,"Opportunity windows close while waiting for analysis","4-6 weeks for professional due diligence","Minutes to hours for complete analysis","In regional markets, timing is everything"
AUDIT TRAIL,"Black-box recommendations can't be defended","Advisor notes; working papers; partial documentation","Complete provenance chain: formula + input + persona + conclusion","Every recommendation can be traced, questioned, and defended"
MULTI-AGENT REASONING,"Single-perspective analysis misses critical angles","Sequential review by individual analysts","Parallel multi-persona debate with contradiction detection","The Skeptic argues with the Advocate before you see the result"
QUANTITATIVE RIGOR,"Qualitative opinions lack defensible scoring","Expert judgment; subjective ratings; inconsistent frameworks","27 proprietary formulas with traceable scoring methodology","Every score has a number. Every number has a source."
SIMULATION DEPTH,"Limited scenario testing misses tail risks","3-5 manual scenarios at best","100+ Monte Carlo simulations modeling extreme outcomes","We don't just plan for likely outcomes—we stress-test the unlikely ones"
REGIONAL SPECIALIZATION,"Generic tools don't understand regional dynamics","Enterprise software designed for capital city transactions","Purpose-built for thin markets, relationship-driven economies, political complexity","This system was built IN a regional reality, FOR regional realities"
CONTINUOUS LEARNING,"Static expertise freezes over time","Advisor knowledge fixed at time of engagement","System improves with every analysis; learns from outcomes","The more we analyze, the smarter the system becomes"
DOCUMENT GENERATION,"Professional documents require expensive drafting","$5K-$15K for investment memos; 1-2 week turnaround","Institutional-grade documents generated in minutes","Board-ready output, not rough drafts"
GOVERNANCE & COMPLIANCE,"Regulatory exposure often discovered too late","Manual compliance review by specialists","Automated regulatory assessment via Regulator persona","Compliance flags raised before they become problems"
ACCESSIBILITY,"Geographic discrimination in advisory access","Quality advisory concentrated in major financial hubs","Available anywhere with internet connection","Your location shouldn't determine your opportunity"
