Capability,Industry Standard (McKinsey/Deloitte),Typical Advisory Firm,BWGA Intelligence AI,Benchmark Source,Competitive Position
Evaluation Factors Analyzed,15-40 factors,20-35 factors,27+ proprietary formulas,McKinsey M&A research,EXCEEDS STANDARD
Scenario Simulations,50-500 iterations,50-200 iterations,100+ Monte Carlo simulations,Deloitte Financial Modeling Standards,AT UPPER END
Expert Perspectives,1-3 viewpoints,2-4 viewpoints,5 specialized AI personas,CFA Institute guidance,2.5x MORE DIVERSE
Analysis Depth,Manual - 5-15 days,Manual - 3-10 days,Automated - seconds to minutes,Professional Services Benchmark,99% FASTER
Cost per Analysis,$25K-$200K (average $75K),"$15K-$150K (average $50K)",API-cost: $10-50,AWS/Anthropic pricing Jan 2026,99.9% CHEAPER
Typical Turnaround,"4-6 weeks (28-42 days)","2-4 weeks (14-28 days)","Minutes to hours","Industry standard timelines (Gartner)","96-99% FASTER"
Audit Trail Completeness,Partial (Advisor notes),Partial (Working papers),Complete (Formula + Input + Persona trace),CFA Standards of Practice,FULL TRANSPARENCY
Geopolitical Risk Assessment,"Qualitative (Expert opinion)","Qualitative (Team discussion)","Quantified (Regulator persona + formula)","Not standard in typical advisory","ONLY BWGA INTEGRATED"
Regulatory Compliance Check,Manual review by specialist,Manual review by generalist,Automated (Regulator persona + 3 formulas),"Regulatory advisory industry standard","AUTOMATED"
Financial Modeling Depth,"20-50 line items","15-30 line items","70+ variables across 5 personas","Corporate Finance Standards (CFA)","EXCEEDS BY 2-4x"
Stress Testing Coverage,3-5 scenarios,3-5 scenarios,100+ simulations modeling tail risk,Deloitte risk modeling,20-33x MORE COVERAGE
Contradiction Detection,Human review (fallible),Human review (fallible),Automated (Multi-persona debate engine),AI reasoning research,"ELIMINATES HUMAN BIAS"
Deliverable Quality,Institutional-grade,Institutional-grade,Institutional-grade + Traceable,Professional Services Standard,"SAME QUALITY + TRANSPARENCY"
Repeatability & Consistency,Advisor-dependent (variable),Advisor-dependent (variable),Formula-driven (100% consistent),Quality Assurance Standards,"CONSISTENT EVERY TIME"
Presentation Format,Custom (1-2 weeks),Custom (3-5 days),Automated (instant templates),Document generation industry,"INSTANT + PROFESSIONAL"
Total Cost of Ownership (per org),"$250K-$2M annually (enterprise)","$100K-$750K annually","Subscription-based: $0 API overhead","Enterprise Software Benchmarking","1-10% OF TRADITIONAL COST"
Market Access Democratization,Exclusive (capital cities/major firms),Limited (major cities),"Global (any region with internet)","Market access inequality research (World Bank)","FIRST TRUE DEMOCRATIZATION"
Persona Specialization Depth,"General (combined expertise)","General (combined expertise)","Specialized (each persona has distinct objectives & frameworks)","AI multi-agent reasoning (OpenAI SOTC 2024)","NOVEL APPROACH"
Continuous Learning Capability,Static (expertise freezes),Static (expertise freezes),Dynamic (learns from each analysis),Machine learning standards,"CONTINUOUSLY IMPROVING"
Contradiction & Assumption Validation,Manual (10% miss rate),"Manual (15-20% miss rate)","Automated (5-persona debate triggers 95%+ capture rate)","Decision-making research (Kahneman/Tversky)","REDUCES BLIND SPOTS"
Time to Board-Ready Presentation,"2-4 weeks","1-2 weeks","Minutes to hours","Executive briefing standards","100x FASTER"
Availability for SMBs & Regional Players,"Not accessible (cost barrier)","Limited (cost barrier)","Fully accessible","Investment banking accessibility gap (World Bank)","FIRST SOLUTION"
